{
 "kanas": [
  "\u3053",
  "\u3093",
  "\u306b",
  "\u3061",
  "\u306f"
 ],
 "starts": [
  1.84,
  1.98,
  2.0700000000000003,
  2.22,
  2.3
 ],
 "ends": [
  1.98,
  2.0700000000000003,
  2.22,
  2.3,
  2.52
 ]
}