{
 "kanas": [
  "\u3053",
  "\u3093",
  "\u306b",
  "\u3061",
  "\u306f",
  "\u3053",
  "\u3093",
  "\u306b",
  "\u3061",
  "\u306f"
 ],
 "starts": [
  0.42,
  0.56,
  0.53,
  0.72,
  0.78,
  1.05,
  1.22,
  1.3399999999999999,
  1.47,
  1.53
 ],
 "ends": [
  0.56,
  0.53,
  0.72,
  0.78,
  1.05,
  1.22,
  1.3399999999999999,
  1.47,
  1.53,
  1.7
 ]
}