{
 "kanas": [
  "\u3053",
  "\u3093",
  "\u306b",
  "\u3061",
  "\u306f"
 ],
 "starts": [
  0.0,
  0.72,
  0.15999999999999992,
  0.96,
  1.06
 ],
 "ends": [
  0.72,
  0.15999999999999992,
  0.96,
  1.06,
  1.26
 ]
}