{
 "kanas": [
  "\u3053",
  "\u3093",
  "\u306b",
  "\u3061",
  "\u306f"
 ],
 "starts": [
  0.0,
  0.61,
  0.18999999999999995,
  0.77,
  0.86
 ],
 "ends": [
  0.61,
  0.18999999999999995,
  0.77,
  0.86,
  1.07
 ]
}