{
 "kanas": [
  "\u3053",
  "\u3093",
  "\u306b",
  "\u3061",
  "\u306f"
 ],
 "starts": [
  0.45,
  0.59,
  0.7200000000000001,
  0.84,
  0.9
 ],
 "ends": [
  0.59,
  0.7200000000000001,
  0.84,
  0.9,
  1.12
 ]
}