{
 "kanas": [
  "\u3046",
  "\u3093",
  "\u3060",
  "\u3063",
  "\u3066",
  "\u305d\u3046",
  "\u3060"
 ],
 "starts": [
  0.51,
  0.52,
  0.66,
  0.81,
  0.8899999999999999,
  1.32,
  1.76
 ],
 "ends": [
  0.52,
  0.66,
  0.81,
  0.8899999999999999,
  1.15,
  1.76,
  1.94
 ]
}