{
 "kanas": [
  "\u3053",
  "\u3093",
  "\u306b",
  "\u3061",
  "\u306f"
 ],
 "starts": [
  0.0,
  0.44,
  0.44999999999999996,
  0.76,
  0.82
 ],
 "ends": [
  0.44,
  0.44999999999999996,
  0.76,
  0.82,
  1.37
 ]
}