{
 "kanas": [
  "\u3053",
  "\u3093",
  "\u306b",
  "\u3061",
  "\u306f"
 ],
 "starts": [
  0.0,
  0.81,
  0.16000000000000003,
  1.01,
  1.13
 ],
 "ends": [
  0.81,
  0.16000000000000003,
  1.01,
  1.13,
  1.37
 ]
}