{
 "kanas": [
  "\u3053",
  "\u3093",
  "\u306b",
  "\u3061",
  "\u306f",
  "\u3053",
  "\u3093",
  "\u306b",
  "\u3061",
  "\u306f"
 ],
 "starts": [
  0.0,
  0.67,
  0.4,
  0.88,
  0.98,
  1.15,
  1.32,
  1.0299999999999998,
  1.57,
  1.63
 ],
 "ends": [
  0.67,
  0.4,
  0.88,
  0.98,
  1.15,
  1.32,
  1.0299999999999998,
  1.57,
  1.63,
  1.83
 ]
}