{
 "kanas": [
  "\u3053",
  "\u3093",
  "\u306b",
  "\u3061",
  "\u306f"
 ],
 "starts": [
  1.16,
  1.32,
  1.3099999999999998,
  1.49,
  1.59
 ],
 "ends": [
  1.32,
  1.3099999999999998,
  1.49,
  1.59,
  1.95
 ]
}